wave,tp
24103.310633406352,0.17138211599298922
24112.860305674476,0.18517599718688318
24122.410280291282,0.19903549805439608
24131.9605570843,0.21314532289296556
24141.511135881105,0.2276703254495949
24151.062016509233,0.24274754975238325
24160.61319879625,0.25848187320498106
24170.164682569695,0.27494211232069665
24179.716467657134,0.2921469774745916
24189.268553886108,0.3100543610176195
24198.82094108418,0.3285546820034592
24208.373629078895,0.3474866430917351
24217.926617697813,0.3666581704789743
24227.479906768473,0.3858551561430353
24237.033496118445,0.4048386206491661
24246.587385575272,0.4233563607480032
24256.1415749665,0.44119646651670136
24265.696064119693,0.4582010409284028
24275.250852862406,0.47423846833100874
24284.805941022176,0.48920315083419313
24294.361328426567,0.503022281851793
24303.91701490313,0.5156472165517075
24313.473000279417,0.527052499474691
24323.02928438298,0.537247414959105
24332.58586704138,0.5462637186604071
24342.14274808215,0.5541393760886397
24351.699927332866,0.5609254677883991
24361.257404621054,0.5666905491880158
24370.815179774298,0.5715169003824693
24380.373252620124,0.5754973595694591
24389.9316229861,0.5787324043596703
24399.49029069977,0.5813269064393471
24409.04925558869,0.583359907081266
24418.60851748041,0.5849043718098151
24428.168076202495,0.5860595375936282
24437.727931582474,0.5869131581169098
24447.288083447926,0.5875237220339383
24456.848531626383,0.5879628171776242
24466.409275945407,0.5883167096019948
24475.970316232553,0.5886802864081994
24485.531652315363,0.5891479592997022
24495.0932840214,0.5897906894621098
24504.65521117821,0.5906629746445198
24514.21743361335,0.5918110343433057
24523.779951154374,0.5932661482527003
24533.34276362883,0.5950375050375023
24542.90587086427,0.5971094420218969
24552.46927268825,0.5994417543868841
24562.032968928324,0.6019865211537564
24571.59695941204,0.6047010870329371
24581.16124396695,0.6075431275528862
24590.725822420613,0.6104594356017334
24600.29069460058,0.6133836760703368
24609.855860334395,0.6162456723940234
24619.421319449622,0.6189958552694491
24628.987071773798,0.6216021704743051
24638.553117134496,0.6240419759146852
24648.119455359258,0.6262928072479833
24657.686086275637,0.62832784849411
24667.253009711185,0.6301207850838029
24676.820225493455,0.6316406397375794
24686.38773345,0.6328825481538469
24695.95553340837,0.6338522577991799
24705.52362519612,0.6345439955069635
24715.09200864081,0.6349814600687992
24724.660683569982,0.6352143630053019
24734.229649811183,0.6352537774197553
24743.798907191987,0.6351044186988701
24753.36845553993,0.6347968391818911
24762.938294682568,0.6343775739678104
24772.508424447456,0.6338989620440989
24782.078844662145,0.6333930065654947
24791.64955515418,0.6329089924851174
24801.22055575113,0.6325078630639783
24810.791846280536,0.6322435039029082
24820.36342656995,0.6321701854278324
24829.93529644693,0.6323508998065537
24839.507455739033,0.6328335675147566
24849.0799042738,0.6336126392509526
24858.652641878783,0.6346554547254988
24868.225668381543,0.6359050389118499
24877.798983609635,0.6372862789637703
24887.3725873906,0.6387531198154078
24896.946479552007,0.6402736057790821
24906.52065992139,0.6417987678311665
24916.09512832631,0.6432674564809551
24925.66988459432,0.6446386353920823
24935.244928552976,0.6458966546573252
24944.820260029825,0.6470397930111131
24954.39587885242,0.6480832562366234
24963.971784848316,0.6490512939900154
24973.547977845064,0.6499760077580853
24983.12445767022,0.6508915733134956
24992.701224151333,0.6518207300053814
25002.27827711596,0.652779079738296
25011.85561639164,0.6538020981947613
25021.433241805942,0.6549167848881536
25031.011153186413,0.6561116925886549
25040.589350360602,0.6573413755609957
25050.167833156065,0.6585580985811454
25059.74660140036,0.6597459398401636
25069.325654921027,0.660887786154657
25078.904993545624,0.6619644431580906
25088.48461710171,0.662973781886227
25098.064525416827,0.6639175832587276
25107.644718318537,0.6647882671588767
25117.225195634383,0.665585049108801
25126.805957191926,0.6663291228428525
25136.38700281872,0.6670550895394327
25145.96833234231,0.6678200847795173
25155.549945590254,0.6686925061823625
25165.131842390096,0.6697187147096143
25174.714022569402,0.6709141682572778
25184.296485955714,0.6722909288674149
25193.87923237659,0.6738678216820123
25203.46226165958,0.6756250420387978
25213.045573632236,0.6775201384673325
25222.629168122116,0.6795333763789343
25232.213044956763,0.6816366169785207
25241.79720396374,0.6837885685363891
25251.38164497059,0.6859469171123433
25260.96636780488,0.6880578820488763
25270.55137229414,0.6900640219841861
25280.136658265943,0.6919161369191194
25289.72222554783,0.6935533665796568
25299.308073967364,0.6949101773682146
25308.894203352087,0.6959566951384595
25318.48061352956,0.6967187299765168
25328.06730432732,0.6972540839208967
25337.654275572942,0.6976071126564494
25347.241527093964,0.6978066645478025
25356.829058717944,0.6978762619835581
25366.41687027243,0.6978418490307562
25376.004961584982,0.6977347957120881
25385.593332483146,0.6975857294279895
25395.18198279447,0.6974176785612296
25404.77091234652,0.6972503262546711
25414.360120966845,0.6970982372446423
25423.949608482984,0.6969757346172055
25433.539374722506,0.6968928776994798
25443.129419512963,0.6968410028676023
25452.719742681893,0.6968126118138284
25462.310344056863,0.6968007965181312
25471.901223465422,0.6967896915843179
25481.492380735115,0.6967814539226861
25491.083815693502,0.696784173097062
25500.675528168136,0.6967660700450928
25510.267517986566,0.6966892537212006
25519.859784976346,0.6965262604414115
25529.45232896503,0.6962619074974143
25539.04514978017,0.695909451992158
25548.63824724932,0.6954942065729541
25558.231621200026,0.6950535756272821
25567.82527145985,0.6946540916489679
25577.41919785633,0.6943651726911304
25587.013400217038,0.6942342882259346
25596.607878369512,0.6942909474106927
25606.202632141314,0.6945532618042526
25615.797661359986,0.6950401897953251
25625.392965853094,0.6957531370521044
25634.98854544818,0.6966915493613336
25644.584399972795,0.69785184558185
25654.1805292545,0.6992211991895304
25663.77693312085,0.7007415662206703
25673.373611399387,0.7023588510476054
25682.97056391767,0.7040758765189084
25692.56779050324,0.7058881486177235
25702.16529098367,0.7077791825109332
25711.7630651865,0.7097359953296049
25721.36111293928,0.711751833220367
25730.959434069573,0.7137885097647486
25740.55802840493,0.7157599908035311
25750.156895772892,0.7176105132875653
25759.75603600102,0.7193372710800174
25769.355448916864,0.7209634693409914
25778.95513434798,0.7225592244600225
25788.555092121915,0.7242187666401269
25798.15532206623,0.7260225039140908
25807.755824008476,0.7280217394503926
25817.356597776194,0.7302455207944489
25826.957643196947,0.7327219400060556
25836.558960098293,0.7354705527797931
25846.16054830777,0.7384892312555508
25855.762407652946,0.7417643628364248
25865.364537961355,0.7452845566832935
25874.966939060563,0.7490291899837652
25884.569610778122,0.752957758667524
25894.17255294158,0.757022410962849
25903.775765378497,0.76114159224098
25913.37924791641,0.7652220744156255
25922.983000382894,0.7691992400381952
25932.58702260548,0.7729131650771645
25942.19131441174,0.7762758495267708
25951.79587562921,0.7793246000328191
25961.40070608545,0.7820590943892929
25971.00580560801,0.7844738086070412
25980.611174024445,0.7865841069554506
25990.21681116231,0.7884465763933457
25999.822716849154,0.7901290463973611
26009.428890912528,0.7917334033898304
26019.035333179992,0.7934083202308589
26028.642043479085,0.7952619964269195
26038.249021637377,0.7973152494032776
26047.856267482406,0.7995307481779825
26057.463780841732,0.8018302819776782
26067.071561542904,0.8041295813955809
26076.67960941348,0.806363296121734
26086.287924281005,0.8084833538611241
26095.896505973036,0.8104419594055794
26105.50535431713,0.8121746712970713
26115.114469140837,0.8135960284795525
26124.723850271697,0.8146200327929463
26134.333497537278,0.8151867156328533
26143.94341076513,0.8152551424228048
26153.5535897828,0.8147999688726666
26163.16403441784,0.8138250163247471
26172.774744497812,0.8123421736201785
26182.385719850263,0.8104186329866304
26191.996960302742,0.8081630516911714
26201.608465682806,0.8056742343927562
26211.22023581801,0.8031715703052229
26220.832270535895,0.8008452331118768
26230.444569664032,0.7987329185451717
26240.057133029957,0.7968783562788558
26249.66996046123,0.7953612322937758
26259.2830517854,0.7942447706239121
26268.89640683003,0.7935410024095341
26278.510025422656,0.793223937349965
26288.123907390847,0.7932501271301594
26297.73805256215,0.7935618518472028
26307.352460764105,0.7940833341146677
26316.967131824276,0.79478026780703
26326.582065570223,0.7956607029945284
26336.19726182949,0.7967259944337709
26345.81272042962,0.7979673734038875
26355.428441198186,0.7993696603834027
26365.04442396272,0.8009204211747675
26374.66066855079,0.8026072054399799
26384.277174789946,0.8044232200866867
26393.893942507733,0.8063811818721225
26403.510971531712,0.8085005354731952
26413.12826168943,0.810788100582783
26422.745812808444,0.8132346049779452
26432.363624716305,0.8158161440397735
26441.98169724056,0.8184875132790608
26451.600030208767,0.8212156491875333
26461.21862344848,0.8239814449186471
26470.837476787245,0.8267392577802933
26480.456590052625,0.8294415900085211
26490.075963072166,0.8320559958220066
26499.695595673424,0.8345679813330475
26509.315487683944,0.836978144530698
26518.93563893128,0.8392686442137779
26528.556049242994,0.8414090413263937
26538.17671844663,0.8433811715738315
26547.797646369745,0.845181527403997
26557.41883283989,0.8468414744996005
26567.040277684617,0.848411595706913
26576.66198073148,0.8499435469165283
26586.28394180803,0.8515064952565731
26595.906160741815,0.8531476589141276
26605.5286373604,0.854882703898579
26615.151371491327,0.8567305061945519
26624.77436296215,0.8586912896177411
26634.39761160043,0.8607387356267339
26644.021117233704,0.8628434087776906
26653.64487968954,0.8649849266473825
26663.268898795486,0.867133652446103
26672.893174379085,0.8692336202671247
26682.517706267907,0.8712359672308966
26692.14249428949,0.8731218678172735
26701.76753827139,0.8748796980770616
26711.392838041163,0.8765071480719999
26721.01839342636,0.878029520255042
26730.644204254535,0.8794739067169061
26740.270270353238,0.8808549448635609
26749.896591550023,0.8821822429283974
26759.52316767244,0.8834526299453948
26769.149998548044,0.8846373591316933
26778.777084004392,0.885714648797101
26788.40442386903,0.8866726468821724
26798.032017969505,0.8874957564615876
26807.65986613339,0.8881870000832425
26817.28796818821,0.8887492414293517
26826.91632396154,0.8891921675858333
26836.54493328093,0.8895219333386752
26846.173795973926,0.8897226947924813
26855.80291186808,0.8897949388434356
26865.43228079094,0.8897488202310361
26875.061902570073,0.8896050919494968
26884.691777033022,0.8894059888035468
26894.321904007338,0.8891631472932484
26903.95228332058,0.88885414937004
26913.582914800296,0.8884895384367686
26923.21379827405,0.8880552737951845
26932.84493356937,0.8875224257335549
26942.476320513833,0.8869182240760942
26952.107958934976,0.8862996171687075
26961.739848660363,0.8856937049609658
26971.371989517535,0.8851018012294819
26981.004381334056,0.884553428149071
26990.637023937474,0.8840621177658688
27000.26991715534,0.8836242137778062
27009.903060815202,0.8832460959863371
27019.536454744622,0.8829261013675366
27029.170098771152,0.8826256298718175
27038.803992722336,0.8823329899218276
27048.438136425735,0.8821122133623428
27058.072529708897,0.8820138905875159
27067.707172399372,0.8820796116235925
27077.342064324726,0.8823502270818068
27086.977205312498,0.8828320739420065
27096.612595190247,0.883514515354185
27106.248233785518,0.8843598194794451
27115.88412092587,0.8853122930117071
27125.520256438856,0.8863442904029881
27135.15664015203,0.8874228065441818
27144.793271892937,0.888503012203057
27154.430151489138,0.8895302621565936
27164.06727876818,0.890408384649557
27173.70465355762,0.8910758240846847
27183.342275685005,0.89154445064568
27192.98014497789,0.8918287614942062
27202.61826126383,0.8919597686428123
27212.256624370373,0.8919596553903186
27221.89523412508,0.8918124743316443
27231.534090355493,0.8915201569382146
27241.173192889175,0.891129964251807
27250.812541553663,0.8907072547738261
27260.452136176533,0.890278531326492
27270.091976585314,0.889856374388949
27279.732062607574,0.8894505742015049
27289.372394070862,0.8890642284693212
27299.012970802727,0.888713437427519
27308.65379263072,0.888462151794216
27318.294859382408,0.8882969692500925
27327.936170885325,0.8880990720305463
27337.57772696703,0.8878015879724208
27347.21952745508,0.887370493097146
27356.861572177022,0.8867710371714971
27366.503860960413,0.88597976141294
27376.146393632807,0.8849791289046074
27385.78917002175,0.8837614597893868
27395.432189954798,0.8823329655182144
27405.075453259506,0.8806946411446707
27414.718959763428,0.8788327770344215
27424.362709294102,0.8766695407357287
27434.0067016791,0.8741501456257849
27443.650936745962,0.8713343980847126
27453.29541432224,0.8683131813145054
27462.9401342355,0.8651633625004372
27472.585096313287,0.8619648348558172
27482.230300383144,0.8588013456217588
27491.87574627264,0.8557698025913152
27501.52143380931,0.8529840272771443
27511.167362820725,0.8505470917761927
27520.813533134424,0.8485435778254913
27530.459944577968,0.8470134362052082
27540.1065969789,0.8459773676198545
27549.75349016479,0.8454631278798184
27559.400623963164,0.8454729403089526
27569.0479982016,0.8459818830092504
27578.695612707634,0.8469388289810678
27588.34346730883,0.848262997512284
27597.991561832732,0.8499000732328345
27607.639896106895,0.8517891334117766
27617.288469958872,0.853824563240936
27626.937283216223,0.8559081823036974
27636.586335706488,0.8579564356963028
27646.235627257232,0.8598545469777387
27655.885157695993,0.8614815540555624
27665.534926850334,0.8627756773457
27675.184934547804,0.863711874925167
27684.835180615963,0.8642659358086693
27694.485664882348,0.8644436862534683
27704.136387174527,0.8643341335431584
27713.787347320045,0.8640487753509781
27723.43854514646,0.8636714743432448
27733.089980481313,0.8632322996129418
27742.741653152167,0.8627634748474965
27752.393562986574,0.8623274844173971
27762.045709812086,0.8619581099551311
27771.69809345625,0.8616996530202647
27781.350713746626,0.8616029938084155
27791.003570510755,0.8616938478046607
27800.656663576206,0.8619637511794745
27810.309992770526,0.8623912697184604
27819.96355792126,0.8629663973503806
27829.61735885596,0.8636550415674166
27839.271395402193,0.8644042741102808
27848.9256673875,0.8651303571183072
27858.58017463943,0.8657425971599049
27868.23491698555,0.8661828751933809
27877.889894253407,0.8664309491393068
27887.545106270543,0.8665255577794129
27897.200552864528,0.866509684486332
27906.856233862894,0.8663918817443168
27916.512149093214,0.8661669142056431
27926.16829838303,0.8658974867050342
27935.82468155989,0.8656958772116282
27945.481298451352,0.8656219660536325
27955.138148884977,0.8657074369870618
27964.795232688306,0.8659958739807697
27974.452549688896,0.8665241453093264
27984.110099714297,0.8673187215726242
27993.76788259207,0.8682972651281078
28003.42589814975,0.8693433925797118
28013.08414621491,0.8704468015593586
28022.74262661509,0.8715908866604852
28032.40133917785,0.872721987447228
28042.06028373073,0.8738349967994063
28051.7194601013,0.8749146507994994
28061.3788681171,0.8759029599552057
28071.038507605685,0.8767488729231431
28080.698378394605,0.8774237438949309
28090.358480311428,0.877919759325831
28100.018813183684,0.8782125812896896
28109.67937683894,0.8782937189248681
28119.340171104748,0.8781527172308606
28129.001195808654,0.8777711595697899
28138.66245077822,0.877184420526455
28148.32393584099,0.8764727599087422
28157.985650824514,0.8756939517396533
28167.64759555636,0.8748704313549709
28177.309769864067,0.8740278225911092
28186.97217357519,0.8732099989055855
28196.634806517275,0.8724635165645266
28206.297668517895,0.8718071839130422
28215.960759404585,0.8712397055111395
28225.6240790049,0.8707546611478507
28235.2876271464,0.8703422805834133
28244.951403656632,0.8699816605827602
28254.61540836315,0.8696250086312245
28264.279641093504,0.869248659910299
28273.944101675246,0.8689424445980914
28283.608789935937,0.8687644020467101
28293.273705703123,0.8686861917702859
28302.93884880436,0.8686909967799754
28312.604219067187,0.8687691057572601
28322.269816319174,0.8688873117731777
28331.93564038787,0.8689883115796473
28341.601691100823,0.8689838220384426
28351.267968285585,0.868784300190067
28360.934471769713,0.8683493084650042
28370.601201380756,0.8676566600979778
28380.268156946273,0.8666946739877524
28389.93533829381,0.8654638381674099
28399.602745250915,0.8640050985194507
28409.270377645153,0.8624194730152297
28418.938235304067,0.8607760622252774
28428.606318055216,0.8591032732348922
28438.27462572615,0.8574644772295397
28447.943158144415,0.8559462234252739
28457.61191513758,0.8545951464144241
28467.280896533182,0.8534354838844764
28476.95010215878,0.8525346736576734
28486.61953184192,0.8519635739380356
28496.289185410165,0.8517315831943859
28505.95906269106,0.8518632176505119
28515.629163512167,0.852417996592505
28525.299487701024,0.8534134710840829
28534.970035085196,0.8548565079750596
28544.640805492236,0.8566953883776929
28554.31179874968,0.8587982787721021
28563.9830146851,0.8610477850099986
28573.654453126037,0.8633129357637638
28583.326113900053,0.8654561040842583
28592.99799683469,0.8673764184415119
28602.670101757507,0.868993501692613
28612.342428496057,0.870235867354355
28622.01497687789,0.8711127180049373
28631.68774673056,0.8716989431511025
28641.360737881616,0.8720496235501309
28651.033950158613,0.8722126716416229
28660.70738338911,0.872235443977082
28670.38103740065,0.8721263319797669
28680.05491202079,0.8718839547950114
28689.72900707708,0.8715254798491634
28699.40332239708,0.8710599700568284
28709.07785780833,0.8705181037349744
28718.752613138393,0.8699073681401186
28728.42758821482,0.8692091738296787
28738.102782865164,0.8684396465978658
28747.778196916966,0.8676214386612713
28757.453830197795,0.866756526016446
28767.129682535196,0.8658311555513892
28776.805753756722,0.8648541152368622
28786.482043689928,0.8638208762946665
28796.15855216236,0.8626887836913653
28805.835279001578,0.8614791962786728
28815.512224035134,0.8602765152496399
28825.189387090573,0.8591949603034821
28834.866767995452,0.858331922383798
28844.54436657733,0.8577766603859831
28854.22218266375,0.8576681881343867
28863.900216082267,0.858111934597869
28873.578466660438,0.8591485006566193
28883.256934225818,0.8606866791403727
28892.93561860595,0.8625945574542897
28902.614519628383,0.864754636460988
28912.293637120685,0.8670257895659055
28921.9729709104,0.8692956293866495
28931.652520825082,0.8714541016588337
28941.332286692286,0.8734215310038381
28951.012268339557,0.8752006828176214
28960.692465594457,0.8768371728899966
28970.37287828453,0.8783614478999562
28980.05350623733,0.8798299883490641
28989.734349280418,0.8812805402531099
28999.41540724134,0.8827435982817771
29009.09667994765,0.8842612008044248
29018.778167226897,0.8858699984617572
29028.45986890664,0.8876134763165484
29038.141784814427,0.8895080200267157
29047.823914777808,0.8915386084751532
29057.50625862434,0.8937031667384587
29067.188816181577,0.8960097561702502
29076.87158727707,0.8984398405700496
29086.554571738376,0.9009103110724025
29096.237769393036,0.903308982941289
29105.92118006861,0.9055373633726131
29115.60480359265,0.9075486477781407
29125.288639792714,0.9093177900498199
29134.97268849634,0.9107653497578467
29144.65694953109,0.9118157616804619
29154.341422724523,0.9124237205063594
29164.02610790418,0.9126692004644562
29173.711004897625,0.9127024827900699
29183.396113532395,0.9126268092648396
29193.081433636053,0.9124450764883674
29202.76696503616,0.9121181904463339
29212.452707560245,0.9116859717252682
29222.138661035886,0.9112078149964522
29231.824825290616,0.9107316836604777
29241.511200151996,0.91027064940441
29251.19778544758,0.9098292359290729
29260.88458100492,0.909419520987089
29270.57158665157,0.9090699438335702
29280.258802215074,0.9088224337200193
29289.946227522993,0.9086944242313518
29299.633862402876,0.9086612117090449
29309.32170668228,0.9087066433646053
29319.009760188754,0.9088391590001945
29328.698022749842,0.9090816823452721
29338.386494193117,0.9094650039009659
29348.07517434611,0.9099837113919284
29357.764063036393,0.9106034867333989
29367.4531600915,0.9112879802560282
29377.142465339002,0.9120098246759228
29386.831978606435,0.9127432786181187
29396.521699721365,0.913455545558285
29406.211628511333,0.9141146826923501
29415.9017648039,0.9147154626309764
29425.592108426616,0.9152789543920142
29435.28265920703,0.915797024694268
29444.9734169727,0.9162545327926098
29454.664381551178,0.9166539027873669
29464.355552770015,0.9169828538494555
29474.04693045676,0.9173079932034611
29483.73851443897,0.9177206879161297
29493.430304544203,0.9182206471370735
29503.122300599996,0.9187503247645952
29512.814502433917,0.9192174153108448
29522.50690987351,0.9195013723697789
29532.19952274633,0.9194801441337076
29541.892340879935,0.9191149221939143
29551.58536410187,0.9184225210963768
29561.278592239687,0.9174178244445848
29570.972025120944,0.916152540417727
29580.66566257319,0.9147242479869224
29590.359504423977,0.9131906505954243
29600.05355050086,0.9115743255929007
29609.747800631398,0.9098830566389655
29619.44225464313,0.9080421936352846
29629.136912363614,0.9060056665308246
29638.831773620408,0.9038553847172865
29648.526838241054,0.9017317407050532
29658.222106053116,0.8997473025301148
29667.91757688414,0.8979728457799406
29677.61325056168,0.8964848221434812
29687.309126913286,0.895367732004455
29697.005205766516,0.8947039237421789
29706.70148694892,0.8945505079542504
29716.39797028805,0.8949399315835163
29726.094655611458,0.8958675550721923
29735.791542746698,0.897298594389934
29745.488631521323,0.899209918254546
29755.185921762884,0.9015541782263893
29764.883413298936,0.904256529144095
29774.581105957026,0.9072556653327961
29784.278999564714,0.9104786724062645
29793.97709394955,0.9138568520415679
29803.675388939082,0.9173701743336463
29813.373884360866,0.9209362246376728
29823.072580042455,0.9243323642947788
29832.771475811405,0.9272788830956291
29842.47057149526,0.9296051085438076
29852.169866921584,0.9312128060277691
29861.86936191792,0.931982627144358
29871.569056311822,0.9318979558148427
29881.268949930847,0.9309431864203479
29890.969042602548,0.9290950067723142
29900.669334154467,0.9264738339201574
29910.36982441417,0.9233069271712663
29920.0705132092,0.919839920976174
29929.771400367114,0.9163022137392264
29939.472485715465,0.9129188170127562
29949.173769081804,0.9098583374386324
29958.875250293688,0.9072688577533556
29968.576929178656,0.9052832345045537
29978.278805564278,0.9039657502119269
29987.980879278097,0.9033214367184494
29997.683150147666,0.9032797067686766
30007.385618000542,0.9038021807904353
30017.088282664277,0.9048919451546734
30026.791143966413,0.9064551476665109
30036.494201734517,0.9083310359260932
30046.19745579613,0.9103583065536707
30055.90090597882,0.9124180834016159
30065.60455211012,0.9144694912568512
30075.308394017597,0.9164384424088354
30085.012431528794,0.9181606716012052
30094.716664471274,0.9195738753948985
30104.42109267258,0.9207107817663308
30114.12571596027,0.9216056051780996
30123.830534161894,0.9222225002634709
30133.535547105006,0.9224149174451536
30143.240754617156,0.922146348060143
30152.9461565259,0.9214013274443652
30162.651752658792,0.9201601555357412
30172.357542843383,0.9184848601003949
30182.063526907223,0.9164829210069715
30191.76970467787,0.9142776845870338
30201.476075982864,0.9119613255762457
30211.182640649775,0.9096192340875497
30220.889398506144,0.9073272675300597
30230.596349379524,0.9051607860243296
30240.30349309747,0.9031572972482844
30250.010829487535,0.9012691026787542
30259.71835837727,0.8994112915097171
30269.426079594235,0.8975141031573881
30279.133992965973,0.8955607960765961
30288.842098320045,0.8935540484827159
30298.55039548399,0.891391167690512
30308.258884285377,0.8890736364124588
30317.967564551745,0.8867671360529399
30327.676436110654,0.8845707895135669
30337.385498789656,0.8825371744853036
30347.094752416302,0.8807112074938139
30356.80419681815,0.8790640565436448
30366.513831822744,0.8775659699522281
30376.223657257637,0.8761734202515984
30385.933672950385,0.8748937506240665
30395.643878728548,0.8738350394122908
30405.354274419664,0.8730482895266838
30415.064859851296,0.8726457946249974
30424.775634850994,0.8726888614010297
30434.486599246306,0.8731830714834666
30444.19775286479,0.8742207309654616
30453.909095534,0.8758763206586421
30463.620627081484,0.8781503343207938
30473.3323473348,0.8808328872004128
30483.04425612149,0.883617953795226
30492.756353269117,0.8862841962744326
30502.46863860523,0.8886445432190225
30512.18111195738,0.8906250470164674
30521.893773153126,0.8922404113596403
30531.60662202001,0.8935357832620685
30541.319658385593,0.8946106186236201
30551.032882077423,0.8955928242720926
30560.74629292306,0.8966577479455998
30570.459890750044,0.8979569853013603
30580.17367538594,0.8996460631854829
30589.887646658295,0.9017823112184387
30599.601804394664,0.9042980565862825
30609.31614842259,0.9071797961628277
30619.030678569638,0.9103608724330295
30628.745394663354,0.9137053714771091
30638.460296531295,0.9171575837867725
30648.17538400101,0.920721428685621
30657.89065690005,0.9244365611643334
30667.606115055973,0.928258426053911
30677.321758296326,0.9320240076027028
30687.037586448667,0.9356520571457482
30696.753599340544,0.939084427233239
30706.469796799513,0.9422615164894852
30716.186178653123,0.9451582286389211
30725.902744728926,0.9477279404297371
30735.619494854483,0.9499238505994555
30745.336428857336,0.9516853184536663
30755.053546565046,0.9530680323559406
30764.770847805165,0.9542050860706033
30774.488332405235,0.9551502838246558
30784.206000192822,0.9559247429892497
30793.923850995467,0.9564678336946537
30803.641884640736,0.956704234192752
30813.360100956168,0.9565991960071019
30823.07849976932,0.9561506930607782
30832.797080907756,0.9554606245932336
30842.515844199006,0.9546179145191023
30852.234789470644,0.9536348029701889
30861.95391655021,0.952535970475154
30871.67322526526,0.9514025471692997
30881.39271544335,0.9503206647764453
30891.112386912027,0.9493341218782747
30900.832239498843,0.9485058134230945
30910.55227303136,0.9479296720900686
30920.272487337126,0.9477134739692585
30929.992882243685,0.9479521583015851
30939.7134575786,0.9486438670421031
30949.43421316942,0.9496680913844792
30959.155148843696,0.9508740768542953
30968.876264428985,0.9521565011127795
30978.597559752838,0.9534289813323843
30988.319034642805,0.9545390561783573
30998.040688926438,0.9553246854840654
31007.762522431294,0.9557348711810097
31017.484534984917,0.9557562240450158
31027.206726414875,0.9553898046008296
31036.929096548705,0.9546693622467431
31046.651645213973,0.9536370600652873
31056.374372238217,0.952362902282169
31066.097277449,0.9509646120477423
31075.820360673875,0.9496293938478134
31085.54362174039,0.9485185889407338
31095.267060476093,0.9477778354766848
31104.990676708552,0.9474938277036459
31114.714470265302,0.9476184107200639
31124.43844097391,0.9480737058556971
31134.162588661915,0.9487733137822356
31143.886913156883,0.9496205959814987
31153.61141428636,0.9504980513651782
31163.3360918779,0.9512608219407828
31173.06094575905,0.9518268180039928
31182.78597575737,0.9521982089348019
31192.51118170041,0.9523517285332516
31202.236563415725,0.9521699172952807
31211.96212073086,0.9515527494032945
31221.687853473377,0.9504897941685627
31231.41376147082,0.9490455906464075
31241.139844550748,0.9473099038803946
31250.86610254071,0.9453039726877107
31260.592535268264,0.9431031664071297
31270.319142560955,0.9409061660312438
31280.04592424634,0.9389066139819804
31289.772880151973,0.9372256628791763
31299.5000101054,0.9359665883018806
31309.227313934178,0.9352036432357745
31318.954791465865,0.9349724808879546
31328.682442528003,0.9353050021814483
31338.41026694815,0.9362091724207908
31348.13826455386,0.9376546081575564
31357.866435172684,0.9395657702455443
31367.594778632174,0.9418140360163937
31377.323294759884,0.9442628399963009
31387.051983383364,0.9468131358997193
31396.78084433017,0.9493747701267575
31406.509877427852,0.9518909578991269
31416.239082503962,0.9543600399141366
31425.968459386055,0.9567558127212067
31435.698007901683,0.9590484998510638
31445.4277278784,0.9612621471434227
31455.157619143753,0.9633708316669595
31464.8876815253,0.9652833877948056
31474.61791485059,0.9669281955259136
31484.34831894718,0.9683228032548821
31494.078893642618,0.9695243303079277
31503.809638764465,0.9705773443942834
31513.540554140258,0.9715453189127935
31523.271639597566,0.9725083410810119
31533.002894963935,0.9734901059460154
31542.73432006691,0.9744590526471995
31552.465914734054,0.9754122535358527
31562.19767879292,0.976340242433083
31571.929612071053,0.9771758586458005
31581.661714396007,0.9777870252115867
31591.39398559534,0.9781105780330673
31601.126425496604,0.9781364132980983
31610.859033927347,0.9778383933859487
31620.591810715123,0.9772468485162816
31630.32475568749,0.9763536427586467
31640.05786867199,0.9751688951779323
31649.79114949618,0.9738063478025429
31659.524597987616,0.9723762478639201
31669.25821397385,0.9709731160000239
31678.99199728244,0.9696474102877071
31688.72594774092,0.968372540331914
31698.46006517686,0.9671548796862172
31708.194349417812,0.9660935052081426
31717.928800291316,0.9652437457908541
31727.663417624935,0.9645807813318752
31737.39820124622,0.9640048302676346
31747.13315098272,0.9634655884430293
31756.868266661993,0.9630361329062783
31766.603548111583,0.9627904508866534
31776.338995159054,0.9627703477156481
31786.074607631952,0.9629652574417693
31795.81038535783,0.9633770183491562
31805.54632816424,0.9640179835057282
31815.282435878737,0.9649086947556634
31825.01870832887,0.9660118406052414
31834.75514534219,0.9671452891004918
31844.491746746262,0.9681621191140779
31854.228512368623,0.9690099702525036
31863.965442036835,0.9696808224488436
31873.70253557845,0.9701348712428544
31883.439792821016,0.9703366162846608
31893.177213592087,0.970299391669162
31902.91479771922,0.9699895923408203
31912.652545029963,0.9694635147389004
31922.390455351873,0.9688241965901216
31932.1285285125,0.968129966271465
31941.866764339393,0.9674284809441259
31951.605162660107,0.9667674007320293
31961.343723302198,0.9662209378730902
31971.082446093213,0.9658770380631967
31980.82133086071,0.965803591366343
31990.560377432237,0.9660128322684578
32000.299585635352,0.9665335498709064
32010.038955297598,0.9674143730227108
32019.778486246538,0.9687613570310932
32029.518178309725,0.970593602420013
32039.2580313147,0.9727496937672258
32048.99804508902,0.9750354083255749
32058.73821946025,0.9772422731527846
32068.478554255933,0.9791983622375284
32078.219049303614,0.9807610304827535
32087.959704430858,0.9817987152944458
32097.70051946521,0.9822162660172604
32107.441494234226,0.9819739792807816
32117.182628565457,0.981168243268458
32126.923922286456,0.9799277708727331
32136.66537522478,0.9783232648033708
32146.40698720797,0.976467038137417
32156.148758063595,0.9745025259653697
32165.89068761919,0.9724578412488861
32175.632775702325,0.9702724175187201
32185.37502214054,0.9679533157631847
32195.11742676139,0.965529304459636
32204.85998939243,0.9630183400621567
32214.60270986121,0.960407472901227
32224.345587995285,0.9576609470594579
32234.088623622207,0.9547836485296893
32243.831816569535,0.9518335108308293
32253.57516666481,0.9489473063065311
32263.318673735586,0.9462535768674507
32273.062337609426,0.9438141599908709
32282.80615811387,0.941662967223626
32292.550135076475,0.9398242303390293
32302.2942683248,0.9383028924206787
32312.038557686392,0.9370938775677732
32321.783002988806,0.936222409665985
32331.527604059593,0.9357352513986493
32341.2723607263,0.935688297404318
32351.017272816483,0.936052896028516
32360.762340157704,0.9367545096942799
32370.507562577506,0.9377795127632889
32380.252939903443,0.9391342023192253
32389.998471963067,0.9407532879604239
32399.744158583933,0.9424973346562573
32409.489999593592,0.9442399348139837
32419.2359948196,0.945882888269019
32428.982144089503,0.9473486106604766
32438.728447230857,0.9485644973660701
32448.474904071216,0.9495683550664044
32458.221514438133,0.95048098458883
32467.968278159155,0.9513510739431085
32477.71519506184,0.9521796365398857
32487.462264973743,0.95288695834958
32497.20948772241,0.9534062965142569
32506.956863135398,0.9537276170982877
32516.704391040254,0.9538338889559492
32526.45207126454,0.9537293682308142
32536.199903635796,0.9533993901602522
32545.947887981587,0.9528242154264286
32555.69602412946,0.9519972669943721
32565.444311906962,0.9509636674611311
32575.192751141658,0.9497977023680578
32584.941341661095,0.9485606303438554
32594.690083292822,0.9473094600935643
32604.438975864392,0.9461144145269933
32614.188019203364,0.9450457104317505
32623.93721313728,0.9441565452512909
32633.686557493707,0.9435502006971228
32643.436052100187,0.9433093344943296
32653.185696784272,0.9434134794846892
32662.935491373522,0.9438092755159967
32672.685435695483,0.9445108731634947
32682.435529577713,0.9455559134940397
32692.18577284776,0.9469093336540875
32701.936165333176,0.9485045084156969
32711.686706861514,0.9502039182045192
32721.43739726033,0.951858223816266
32731.188236357182,0.953336660387103
32740.939223979603,0.9544689804046874
32750.690359955166,0.9551413631539882
32760.44164411141,0.9553356041052441
32770.1930762759,0.9551449896461913
32779.94465627618,0.9546794902723215
32789.6963839398,0.953991402928226
32799.44825909433,0.9531365997008623
32809.2002815673,0.9521689302139611
32818.95245118627,0.9511166668215276
32828.70476777879,0.9500208134992382
32838.457231172426,0.9489531653463571
32848.20984119472,0.9479365309065028
32857.962597673235,0.9469718005855481
32867.71550043551,0.9461265165597277
32877.468549309095,0.9455198541179624
32887.221744121554,0.9452106988522881
32896.97508470044,0.9451891808068191
32906.728570873296,0.9454580074763381
32916.48220246769,0.9459921110497418
32926.235979311154,0.9467383276996815
32935.98990123125,0.9477044033761435
32945.74396805554,0.9489319426809172
32955.49817961156,0.9504187206493772
32965.25253572688,0.9520931027687694
32975.00703622904,0.953861373812416
32984.761680945594,0.9555801567149691
32994.516469704104,0.9571115882216485
33004.27140233211,0.9584224424036243
33014.026478657164,0.9595396671596516
33023.781698506835,0.9605421433689542
33033.53706170866,0.9614873867024527
33043.2925680902,0.9623563329533792
33053.048217478994,0.9630896890857339
33062.80400970262,0.963663959126724
33072.559944588604,0.9641124231569924
33082.316021964514,0.9644357519439125
33092.072241657894,0.9646412572510994
33101.82860349631,0.9647747146578226
33111.585107307306,0.9648517761176041
33121.34175291843,0.9648507731173546
33131.09854015724,0.9647678049409758
33140.85546885129,0.9646476140433906
33150.61253882812,0.9645316384948448
33160.3697499153,0.9643870092067499
33170.12710194038,0.9641925767609053
33179.8845947309,0.9640247694757831
33189.642228114426,0.9639369872287562
33199.400001918504,0.9639755161956103
33209.15791597069,0.9641934396887597
33218.915970098526,0.9645786139915447
33228.67416412958,0.9651047765336082
33238.432497891394,0.9656944400042263
33248.19097121152,0.9663118784593412
33257.94958391753,0.9669995597609244
33267.70833583695,0.967840935231906
33277.467226797344,0.9689593271574131
33287.226256626265,0.9702517115414167
33296.985425151266,0.9715424557427128
33306.7447321999,0.9727550747308967
33316.50417759972,0.9738320244490799
33326.26376117828,0.9747300062936755
33336.023482763114,0.9754381922500541
33345.7833421818,0.9759966715205771
33355.54333926188,0.9764745045323407
33365.30347383091,0.9769716448633967
33375.063745716434,0.9775250213267189
33384.82415474601,0.9781441614190259
33394.5847007472,0.9788500985638026
33404.34538354754,0.9796870833810116
33414.106202974595,0.9807075795310009
33423.86715885591,0.9819028747604606
33433.628251019036,0.983236974194615
33443.38947929153,0.9847097778515747
33453.15084350095,0.9863262473670089
33462.91234347484,0.9880391452913725
33472.67397904076,0.9897773509301718
33482.43575002625,0.991492044915135
33492.197656258875,0.9931411403341986
33501.95969756619,0.9946446355447736
33511.72187377573,0.9959377182634447
33521.48418471507,0.9970513465924364
33531.24663021174,0.9980220714318028
33541.00921009331,0.9988271372242485
33550.77192418733,0.9994183881585328
33560.53477232134,0.9997469857318614
33570.297754322906,0.9999110487407856
33580.06087001957,1.0
33589.824119238896,0.9999871715276214
33599.58750180843,0.9998554462921619
33609.35101755573,0.9995916446695072
33619.11466630834,0.9991787807327769
33628.878447893825,0.9985630992809394
33638.642362139726,0.9976363435654618
33648.40640887359,0.996329799932851
33658.17058792299,0.9947107901292586
33667.93489911546,0.9928574105109588
33677.69934227857,0.990831835361086
33687.46391723985,0.9887315226367759
33697.22862382687,0.9866505359225677
33706.99346186718,0.9846756434273444
33716.75843118833,0.9828565307743247
33726.52353161787,0.9812277149365306
33736.288762983364,0.9798266587834518
33746.05412511235,0.9786435566140361
33755.819617832385,0.9776262713415595
33765.58524097102,0.9766835096494894
33775.35099435582,0.9757346645779841
33785.116877814326,0.9747908587669428
33794.882891174086,0.9738615078905013
33804.649034262664,0.9728902471956811
33814.415306907606,0.9718309815410047
33824.18170893647,0.9706434833739722
33833.94824017681,0.9693328792140877
33843.714900456165,0.9679204467619723
33853.4816896021,0.9664007866466182
33863.24860744217,0.964758787389988
33873.015653803915,0.9629367599230624
33882.78282851489,0.9609123785707814
33892.55013140266,0.9587379498437967
33902.317562294775,0.9563814872931659
33912.08512101877,0.9537248708264615
33921.85280740222,0.9508419972653253
33931.62062127266,0.9479078313127769
33941.38856245765,0.9450001882941733
33951.156630784746,0.9422173994260812
33960.92482608149,0.9396789810360883
33970.69314817546,0.9374715962332534
33980.46159689417,0.9356332771795084
33990.230172065196,0.9342089196143496
33999.998873516095,0.9332662015527914
34009.76770107441,0.932831832236606
34019.536654567695,0.932898502135022
34029.3057338235,0.9334686872177297
34039.074938669386,0.934529979016075
34048.844268932895,0.9359989525346221
34058.61372444159,0.937808315930968
34068.38330502302,0.9398972860516677
34078.15301050473,0.9421750077438763
34087.92284071428,0.9445380732652937
34097.692795479226,0.946866525646375
34107.46287462711,0.9490986783952847
34117.23307798549,0.951164679702455
34127.003405381925,0.9529761744258052
34136.77385664395,0.9544722556815171
34146.54443159915,0.9555883190058047
34156.31513007504,0.9563328556628287
34166.08595189919,0.9567098376456694
34175.85689689916,0.9566873709456267
34185.62796490249,0.9563896845142678
34195.39915573674,0.9560921384111909
34205.17046922946,0.9559641298246667
34214.941905208194,0.9560478593789077
34224.71346350051,0.9563377326799021
34234.485143933955,0.9567272529197234
34244.25694633608,0.9571280962565036
34254.028870534436,0.9574924412537716
34263.80091635657,0.957809457467441
34273.57308363005,0.9580429089533586
34283.345372182426,0.9581273879856568
34293.11778184123,0.9580739618550457
34302.89031243404,0.9578917253399307
34312.6629637884,0.9575579307834585
34322.43573573186,0.9571178687675455
34332.20862809197,0.9567381027035662
34341.981640696285,0.956564125956971
34351.75477337236,0.9566531948072636
34361.528025947744,0.9570016369729988
34371.30139825,0.9575882613322902
34381.07489010667,0.9584001231434248
34390.8485013453,0.9593754735063049
34400.62223179346,0.9604433406687992
34410.39608127869,0.9615786855079469
34420.17004962855,0.9627968191516193
34429.94413667059,0.9641120479050097
34439.71834223236,0.9654569971242056
34449.49266614141,0.9667777848747922
34459.2671082253,0.9680591460602307
34469.04166831158,0.9692521523258284
34478.81634622781,0.9702726236810074
34488.591141801524,0.9710273741518172
34498.366054860286,0.9714494303365393
34508.141085231655,0.9715056317021484
34517.91623274318,0.9712571348910743
34527.6914972224,0.9706959699886093
34537.46687849688,0.9696864329403639
34547.24237639417,0.9682151762162051
34557.01799074183,0.9663805283901535
34566.793721367394,0.9642959671906647
34576.569568098435,0.9620923568475784
34586.34553076249,0.9599109464134744
34596.12160918713,0.9579201639395309
34605.897803199885,0.956255754855007
34615.67411262832,0.9549709204398822
34625.45053729999,0.9540615385651616
34635.227077042444,0.9535148083073398
34645.00373168323,0.9533395902974803
34654.78050104991,0.9535047141543888
34664.55738497003,0.9539288965131578
34674.33438327114,0.9545101155885604
34684.111495780795,0.9551150452244074
34693.888722326556,0.9556085669611329
34703.66606273597,0.9558838416804822
34713.44351683658,0.9559007908861898
34723.22108445596,0.9556773205878083
34732.99876542164,0.9552078261601127
34742.77655956118,0.9544383533387805
34752.55446670214,0.953351001561022
34762.332486672065,0.951996871446011
34772.11061929851,0.9504027445897459
34781.888864409026,0.9485950747116939
34791.66722183117,0.9466282551326198
34801.445691392495,0.9445559156460644
34811.224272920546,0.9425388048757554
34821.00296624288,0.9407721506675308
34830.78177118705,0.939311781839466
34840.56068758061,0.9381431162213942
34850.33971525111,0.9372221184052714
34860.1188540261,0.9364799819038662
34869.89810373314,0.9358763711040381
34879.67746419977,0.9353311664991258
34889.45693525356,0.9347030883218274
34899.23651672205,0.9338795024172841
34909.0162084328,0.9328142702687934
34918.79601021335,0.9314962329723233
34928.57592189127,0.9299617239297945
34938.3559432941,0.9283412960955288
34948.1360742494,0.9267887486491428
34957.91631458471,0.925447145219069
34967.6966641276,0.9244611852540543
34977.47712270562,0.9238934157291399
34987.2576901463,0.9236986002080362
34997.03836627722,0.9238081510105433
35006.81915092593,0.9241243551961934
35016.60004391996,0.9245273029974159
35026.381045086884,0.9250162021435179
35036.16215425425,0.925615986604809
35045.9433712496,0.9262658748350536
35055.724695900506,0.9269167488006185
35065.5061280345,0.9275340689429256
35075.28766747915,0.9280673917333302
35085.069314062006,0.9284530859070881
35094.85106761061,0.9286422277715568
35104.63292795252,0.9286896226000854
35114.414894915295,0.9286543803325826
35124.19696832648,0.9285639573265255
35133.97914801364,0.9285152120132768
35143.76143380431,0.9285656732583564
35153.54382552605,0.9287330068609423
35163.326323006426,0.9290700762063665
35173.108926072964,0.9296788556303938
35182.891634553234,0.9306309308306926
35192.67444827479,0.9319397129835661
35202.45736706517,0.9336013786843909
35212.24039075195,0.935538645474212
35222.023519162656,0.9376209100398609
35231.80675212487,0.9397217870432857
35241.59008946612,0.9417232163471382
35251.37353101396,0.9435036143130157
35261.157076595955,0.9449835129391849
35270.94072603965,0.9461079765535542
35280.7244791726,0.9467945407672518
35290.50833582236,0.9470662831704236
35300.29229581647,0.9470229503264327
35310.0763589825,0.9466564045728075
35319.860525148,0.9459392547056058
35329.644794140506,0.9449211976015779
35339.429165787595,0.9436923038332581
35349.213639916794,0.9423285610310292
35358.99821635568,0.9409278804484624
35368.782894931785,0.9396107905308531
35378.567675472674,0.9384412620410599
35388.3525578059,0.9374639708269245
35398.137541759,0.9367454779013679
35407.92262715955,0.9363499815130295
35417.707813835084,0.936278484271264
35427.49310161317,0.9364823476734405
35437.27849032134,0.9368374907003337
35447.06397978717,0.9372118526716356
35456.849569838196,0.9374859350349739
35466.63526030197,0.9375452057214764
35476.42105100606,0.9373458804868028
35486.206941778,0.9368524278954131
35495.99293244536,0.936042911693119
35505.77902283568,0.9349464537092077
35515.56521277651,0.9336188227363155
35525.35150209542,0.9320856827992245
35535.13789061995,0.9304065917491672
35544.92437817765,0.9287099610226506
35554.71096459608,0.927141300436889
35564.49764970279,0.9258393723560724
35574.28443332533,0.9248892820184428
35584.07131529126,0.9242876579218299
35593.85829542812,0.9240203057585502
35603.64537356348,0.9240778853390509
35613.43254952488,0.9244170186527698
35623.219823139865,0.9249628081408222
35633.00719423601,0.9256059643437025
35642.794662640845,0.9262059968673066
35652.582228181935,0.9265992775055422
35662.36989068683,0.9266439921070326
35672.15764998309,0.9262426773514938
35681.94550589826,0.9253535320255477
35691.73345825989,0.9239977693311697
35701.52150689554,0.9222399639951381
35711.30965163275,0.9201712955765988
35721.09789229908,0.9179192245564121
35730.88622872209,0.9156489834204822
35740.67466072933,0.9135485548697296
35750.463188148344,0.9117699673664924
35760.251810806694,0.9103743561826572
35770.04052853192,0.9094009632648373
35779.829341151584,0.9089060339365829
35789.61824849324,0.9089064389159064
35799.40725038444,0.9093429447591377
35809.19634665273,0.9101683069543834
35818.98553712567,0.911344643243862
35828.77482163081,0.9127488701950034
35838.5641999957,0.9142564500170245
35848.353672047895,0.915803053803319
35858.143237614946,0.9173157789592125
35867.932896524406,0.9187478108944703
35877.722648603834,0.9200896527446485
35887.51249368077,0.921278919118732
35897.30243158278,0.9222354659475712
35907.09246213741,0.922935327173213
35916.88258517221,0.9233983703924878
35926.67280051473,0.9235968520904891
35936.46310799254,0.9235378566424339
35946.253507433175,0.9232817299817738
35956.04399866419,0.9228765987326398
35965.83458151315,0.9223266846733993
35975.62525580759,0.9215854294681081
35985.41602137507,0.9206502483437156
35995.20687804315,0.9195392070563619
36004.997825639366,0.9183134159404868
36014.78886399129,0.9170229493187048
36024.57999292646,0.915651919506993
36034.37121227244,0.9142509510217616
36044.16252185677,0.9129019897355481
36053.95392150701,0.9116511604923745
36063.74541105072,0.9105048651390133
36073.536990315435,0.9094548286246152
36083.328659128725,0.9085316823324072
36093.120417318125,0.9077812762522974
36102.9122647112,0.9072214330125282
36112.7042011355,0.9068099633171312
36122.49622641858,0.906465046891628
36132.28834038799,0.906147348996824
36142.080542871285,0.9058523274330771
36151.872833696005,0.9055794034605016
36161.665212689724,0.905335681037923
36171.457679679974,0.9050828467539607
36181.25023449432,0.9047690558633209
36191.04287696031,0.9043772977955213
36200.8356069055,0.9039020294964946
36210.62842415744,0.9034267095413299
36220.421328543685,0.9030127986856485
36230.214319891784,0.9026558332171909
36240.00739802929,0.9023640423855995
36249.800562783756,0.9020771481486413
36259.59381398274,0.9017479977698376
36269.38715145378,0.9013358403796143
36279.180575024446,0.9008006421316547
36288.974084522284,0.900132865901014
36298.76767977484,0.8993370173814379
36308.56136060968,0.8984710025211992
36318.35512685435,0.8975543197607474
36328.148978336394,0.8965740643097172
36337.94291488338,0.8955272597042345
36347.73693632285,0.8944174177932452
36357.531042482355,0.8932709205356412
36367.325233189455,0.8920973053743473
36377.1195082717,0.8909062775480522
36386.91386755664,0.8897536179246068
36396.708310871836,0.8887738272871261
36406.50283804483,0.8880993011710996
36416.29744890318,0.8877349293420373
36426.09214327443,0.8876440047743761
36435.886920986144,0.8877338261524806
36445.681781865875,0.887869863746572
36455.476725741166,0.8880194909364362
36465.27175243958,0.8881821307610004
36475.06686178866,0.8883003983257729
36484.862053615965,0.888271742402169
36494.657327749046,0.8880110993494387
36504.45268401546,0.8875010790898391
36514.248122242745,0.8866843330144811
36524.04364225847,0.8854591189220545
36533.83924389018,0.8839059564127164
36543.634926965424,0.8821602556505684
36553.43069131176,0.8803375372306238
36563.226536756745,0.8785815481560416
36573.02246312792,0.8770104202443033
36582.81847025285,0.8757340318909891
36592.61455795908,0.8747844399581369
36602.41072607416,0.874157208719059
36612.20697442565,0.8738227046543178
36622.0033028411,0.8737347448652703
36631.79971114806,0.873872675773183
36641.596199174084,0.8742043154150484
36651.39276674672,0.8747065139778505
36661.18941369354,0.8753308945829287
36670.98613984207,0.8759988861703859
36680.782945019884,0.8766245572256486
36690.57982905451,0.8771162938947589
36700.37679177353,0.8774216259088553
36710.173833004475,0.8775170464918415
36719.97095257491,0.8774573206677763
36729.76815031238,0.877304306788113
36739.56542604444,0.8770440179934504
36749.362779598654,0.8766874598723217
36759.16021080255,0.8762565277662473
36768.9577194837,0.8757940704491763
36778.75530546965,0.8753475395727636
36788.55296858795,0.8749636194839484
36798.350708666156,0.8747294937959845
36808.14852553182,0.8747400983944277
36817.9464190125,0.8750559785787052
36827.74438893574,0.8757135346573117
36837.54243512909,0.8766599338296045
36847.340557420124,0.8777805849975001
36857.13875563637,0.878971490072741
36866.93702960539,0.8801111521662006
36876.735379154736,0.881143018999886
36886.53380411196,0.8820322873597889
36896.33230430462,0.8827824709670826
36906.13087956027,0.8834343754817008
36915.92952970644,0.884015197217682
36925.72825457071,0.88456176757621
36935.52705398062,0.8850634592655321
36945.32592776373,0.8854883685980327
36955.124875747584,0.88582275476834
36964.923897759734,0.8860512665967344
36974.72299362774,0.8861575336605523
36984.52216317915,0.8860921692221297
36994.32140624151,0.8858183572343306
37004.120722642394,0.8853379920749933
37013.92011220934,0.8846486935529889
37023.71957476989,0.8837723755903215
37033.51911015162,0.8826729223131504
37043.31871818206,0.881312691207492
37053.11839868878,0.8797474364607076
37062.918151499325,0.8780589301307276
37072.71797644124,0.8762936337414365
37082.5178733421,0.874492559206074
37092.317842029435,0.8726670450490146
37102.11788233081,0.8707801526588692
37111.91799407377,0.8688283025063799
37121.71817708587,0.8668759110181484
37131.518431194665,0.8650064003872301
37141.31875622771,0.8632850212654313
37151.11915201255,0.8617692592046092
37160.91961837674,0.8604954125611889
37170.72015514784,0.8595328196229464
37180.52076215339,0.8589480913904228
37190.321439220956,0.8587384038904395
37200.12218617809,0.858848087831705
37209.92300285232,0.8591907079718346
37219.72388907123,0.8597116353758512
37229.52484466236,0.8603872346553164
37239.325869453256,0.86116151536366
37249.12696327148,0.8619695911502883
37258.928125944585,0.8627708568609731
37268.729357300115,0.8635803254632264
37278.53065716563,0.8644000849917647
37288.33202536868,0.865181344636449
37298.13346173682,0.8659044251826198
37307.9349660976,0.8665297423586819
37317.736538278565,0.8669951289049622
37327.53817810729,0.8672204223202501
37337.339885411304,0.8671194810296539
37347.14166001817,0.866682642512761
37356.943501755435,0.8659544079261703
37366.74541045066,0.8650084921857528
37376.54738593139,0.8639677518375956
37386.34942802519,0.8629612785445979
37396.1515365596,0.8620540134463499
37405.95371136218,0.8612836770432712
37415.755952260464,0.8606541811126535
37425.558259082034,0.8600952650305286
37435.360631654425,0.8595641785159279
37445.16306980519,0.8590734248912472
37454.965573361886,0.8586255065331829
37464.76814215206,0.8581857193730162
37474.570776003275,0.85772931785644
37484.37347474308,0.8572776441552569
37494.17623819901,0.8568597514532553
37503.97906619865,0.8564807316254069
37513.78195856952,0.8561431578215676
37523.584915139196,0.8558578792791491
37533.38793573522,0.8556172236458087
37543.19102018514,0.8554282799704018
37552.99416831652,0.8552703496582763
37562.797379956915,0.8551078003183794
37572.600654933856,0.8549191364153491
37582.40399307492,0.8546300019002857
37592.20739420765,0.8542097274229412
37602.01085815959,0.8537443471410279
37611.81438475831,0.8533361667754382
37621.61797383135,0.8530096129797407
37631.42162520626,0.8526940026261911
37641.22533871061,0.8523311561814916
37651.029114171935,0.851900917580753
37660.8329514178,0.8513571384358819
37670.63685027574,0.8506419777923526
37680.440810573324,0.8497402102307076
37690.244832138094,0.8486800808209694
37700.04891479762,0.8475230943109437
37709.853058379435,0.8463468618186477
37719.657262711095,0.8451949765031506
37729.461527620166,0.8440857605772935
37739.265852934186,0.8430294720372657
37749.070238480715,0.8420319129084042
37758.8746840873,0.8410953222912463
37768.679189581504,0.8402071934411948
37778.48375479087,0.8393498231679147
37788.288379542944,0.8385452603492387
37798.0930636653,0.83782072788574
37807.89780698547,0.8371799595035333
37817.70260933102,0.8366420616095341
37827.5074705295,0.8362269360460606
37837.31239040845,0.8359561669254075
37847.11736879544,0.8358315174496292
37856.922405518024,0.83580942488695
37866.72750040373,0.8358736077074729
37876.532653280134,0.8360368651975302
37886.33786397478,0.8362636553551661
37896.14313231523,0.8365307014388892
37905.948458129016,0.8368569281075569
37915.753841243706,0.8372471994614618
37925.55928148686,0.8375999779658501
37935.36477868601,0.8377546879958668
37945.17033266872,0.8376642144639553
37954.97594326254,0.8373423069768247
37964.781610295024,0.836782441618554
37974.58733359373,0.8359333951756472
37984.393112986196,0.8347774433881426
37994.19894829999,0.8334049193820968
38004.00483936266,0.8319128047461607
38013.810786001755,0.8303603687697327
38023.61678804483,0.8288100579128481
38033.42284531943,0.827354335960223
38043.22895765312,0.8260451834460756
38053.03512487345,0.8249227301327109
38062.84134680797,0.8240627729637455
38072.647623284225,0.8234704748914325
38082.453954129785,0.8230565388944234
38092.26033917218,0.822748039665912
38102.06677823899,0.8224965112409932
38111.87327115774,0.8222466849049277
38121.679817756,0.8219610039008852
38131.48641786132,0.8215606055979413
38141.29307130125,0.8209922567855743
38151.09977790334,0.8202674078799852
38160.906537495146,0.8193712540641952
38170.713349904225,0.818270179530745
38180.520214958124,0.8169497796288343
38190.32713248439,0.815394311664561
38200.134102310585,0.8136013366363867
38209.94112426426,0.8116809636751909
38219.748198172965,0.8097898398171065
38229.55532386425,0.8079861499706064
38239.362501165684,0.8062928727545062
38249.169729904796,0.8046443264640589
38258.977009909155,0.8029749739585104
38268.78434100631,0.8013089031316318
38278.5917230238,0.7996432044302028
38288.39915578919,0.7979811740321877
38298.20663913005,0.7963623908177064
38308.0141728739,0.7948210730627927
38317.82175684831,0.7933569863391438
38327.62939088083,0.7920173417665575
38337.43707479902,0.7908185995105342
38347.24480843041,0.789670169645116
38357.05259160257,0.7885212797318764
38366.86042414306,0.7874281314363026
38376.668305879415,0.7864023991308439
38386.4762366392,0.7853954493900999
38396.28421624996,0.7843827313512473
38406.09224453925,0.7833580804869633
38415.90032133462,0.7823789747439616
38425.708446463635,0.7814930370100643
38435.516619753835,0.7807063909405959
38445.324841032765,0.7800480651923651
38455.133110128,0.7795423965473622
38464.94142686707,0.779184922905205
38474.74979107756,0.7789528872125333
38484.55820258698,0.778821448884622
38494.366661222906,0.778757079794589
38504.1751668129,0.7787281034992108
38513.98371918449,0.7787080864854685
38523.79231816525,0.7786392568520053
38533.60096358272,0.77853797804696
38543.40965526446,0.7784004565979912
38553.21839303802,0.778139489746864
38563.027176730946,0.7776976641723214
38572.8360061708,0.7770009045867385
38582.64488118513,0.775969940134772
38592.45380160149,0.7745468338684356
38602.262767247434,0.7727145059287215
38612.07177795051,0.7704776832455832
38621.88083353828,0.7678631081128091
38631.68993383828,0.7649531078358741
38641.499078678076,0.7618518722892486
38651.308267885215,0.7586489274354732
38661.117501287255,0.755478879036357
38670.92677871175,0.7525062522168054
38680.736099986236,0.7498334032010044
38690.54546493829,0.7475262070549219
38700.354873395445,0.7456517506368741
38710.164325185266,0.7442767633039771
38719.97382013529,0.7434258617535682
38729.78335807309,0.7430789131695529
38739.5929388262,0.7432144186763742
38749.40256222219,0.7437972659031185
38759.212228088596,0.7447765957313559
38769.02193625298,0.7460495774206626
38778.8316865429,0.7474264731651336
38788.641478785896,0.748715609545575
38798.45131280952,0.7497855894631051
38808.26118844134,0.7505843372191229
38818.0711055089,0.7511042478872921
38827.88106383974,0.7513689109203766
38837.69106326143,0.7514071328067644
38847.50110360152,0.7512427906145166
38857.311184687554,0.7509367591357009
38867.12130634709,0.7505345729943264
38876.93146840769,0.7500681647457692
38886.741670696894,0.7495861820107755
38896.551913042254,0.7491585352327829
38906.36219527133,0.748849547598608
38916.172517211664,0.7487041564757405
38925.982878690826,0.7487825088027646
38935.793279536345,0.7491277940127349
38945.603719575796,0.7497049614729752
38955.414198636725,0.7504428318145936
38965.224716546676,0.7513144351568104
38975.03527313321,0.7522931279915525
38984.84586822387,0.7532923406070707
38994.65650164623,0.7542169116886032
39004.467173227815,0.7550305525695896
39014.277882796196,0.7557152920396082
39024.08863017892,0.7562488311418086
39033.899415203545,0.7566125406013384
39043.71023769762,0.7567951874598601
39053.52109748869,0.7568117335367349
39063.33199440431,0.7567426232585044
39073.142928272035,0.7566972618313295
39082.95389891943,0.7567422343187115
39092.76490617403,0.7568991656752238
39102.5759498634,0.7571644933724184
39112.38702981508,0.7575456626592003
39122.19814585663,0.7580612438846841
39132.0092978156,0.7587026495314649
39141.82048551956,0.7594530899265497
39151.631708796034,0.7603117121220129
39161.44296747258,0.7612752861191184
39171.25426137677,0.7623292082311061
39181.06559033614,0.7634361049179108
39190.87695417826,0.7645704111271765
39200.688352730656,0.7657179620096985
39210.4997858209,0.7668225929764028
39220.31125327654,0.7678138590484959
39230.12275492512,0.7686766441777256
39239.93429059421,0.7694253333300483
39249.74586011135,0.7700431002222474
39259.557463304096,0.770500094361083
39269.369099999996,0.7707995922222545
39279.180770026614,0.7709227345650373
39288.99247321149,0.7707978949243349
39298.804209382186,0.7703751501415845
39308.615978366244,0.7696295971285857
39318.42777999123,0.7685434207009003
39328.23961408468,0.7671356609503056
39338.05148047417,0.7654784819273563
39347.86337898723,0.7636361621321748
39357.67530945142,0.7616144286809909
39367.4872716943,0.7594025559611741
39377.29926554342,0.7570172029331009
39387.111290826324,0.7545126947767836
39396.92334737057,0.751931615633233
39406.735435003706,0.7492655752295889
39416.5475535533,0.7465137214021662
39426.35970284688,0.7436934568502765
39436.17188271202,0.7408098534064532
39445.984092976265,0.7378591334209573
39455.796333467166,0.734845020168375
39465.608604012275,0.7317854914316619
39475.42090443915,0.7286929017393724
39485.23323457534,0.7255909759841631
39495.0455942484,0.7224973665016342
39504.857983285874,0.7194060972597407
39514.67040151532,0.7163012309763148
39524.4828487643,0.7131666674900891
39534.29532486035,0.7099766528231114
39544.10782963104,0.7066725315954615
39553.920362903904,0.7031613543859084
39563.73292450651,0.6993788819693025
39573.5455142664,0.6953191249380978
39583.35813201113,0.6909618964896329
39593.17077756826,0.6862778899965233
39602.98345076533,0.6812538382407662
39612.7961514299,0.6758764361044409
39622.608879389525,0.6701241170303874
39632.42163447176,0.6639806241261694
39642.234416504136,0.6574752569830794
39652.04722531423,0.6506635269653266
39661.86006072959,0.6435684089282472
39671.67292257775,0.6361861335995979
39681.48581068629,0.6285209925677315
39691.29872488275,0.6206146791335693
39701.11166499467,0.6125240714564842
39710.92463084962,0.6042859878893513
39720.737622275155,0.5959300512640456
39730.550639098816,0.5874804049917701
39740.363681148156,0.5789238603224082
39750.176748250735,0.5702251876465202
39759.9898402341,0.5613704934053008
39769.80295692581,0.5523440932276383
39779.6160981534,0.5431319290240862
39789.429263744445,0.5337209936357753
39799.24245352649,0.5241020123866573
39809.05566732708,0.5142726450920521
39818.86890497377,0.5042303425396867
39828.68216629412,0.4939971218931969
39838.49545111568,0.48364418987820523
39848.308759266,0.4732584657661056
39858.12209057264,0.4628844727538306
39867.935444863135,0.4525458492310794
39877.74882196505,0.4422679696502618
39887.56222170594,0.43208096724032113
39897.37564391336,0.42200246391630875
39907.189088414845,0.41205195595238736
39917.002555037965,0.4022532777176684
39926.81604361027,0.3925932910017293
39936.6295539593,0.3830525509027208
39946.44308591262,0.3736362227363236
39956.25663929778,0.36435218731995894
39966.07021394234,0.35520208961181843
39975.88380967383,0.34618366917815235
39985.697426319835,0.3372865524518081
39995.511063707876,0.3284978496034041
40005.32472166553,0.31980054401375874
40015.138400020325,0.3111846685234715
40024.95209859983,0.3026748052031091
40034.7658172316,0.2943000470955945
40044.579555743185,0.2860718800050903
40054.39331396214,0.277990825569928
40064.207091716,0.27004877247157305
40074.02088883234,0.262257757882254
40083.834705138695,0.254632823696323
40093.64854046264,0.24717753064814538
40103.46239463169,0.23990204431798298
40113.27626747344,0.23282475502441716
40123.090158815416,0.22594940497646201
40132.90406848518,0.21925852722323702
40142.71799631028,0.212734162530754
40152.53194211827,0.2063643663191653
40162.345905736714,0.20013863040402904
40172.15988699315,0.19404185777167796
40181.97388571513,0.1880708346304994
40191.78790173021,0.18222588550554655
40201.601934865954,0.17649287737024397
40211.4159849499,0.17086752422882984
40221.2300518096,0.1653552547407026
40231.04413527262,0.1599508347172071
40240.858235166495,0.15464427313178922
40250.672351318804,0.14944506379384012
40260.48648355706,0.1443692394459725
40270.30063170885,0.13941902333613826
40280.11479560172,0.13459584143202274
40289.928975063216,0.12990819519637736
40299.74316992089,0.12536516340963572
40309.55738000228,0.12097018625277138
40319.37160513498,0.1167213375325265
40329.1858451465,0.11261176446783186
40339.00009986443,0.10864207174655914
40348.81436911629,0.10481794698584763
40358.62865272964,0.10113541385252582
40368.442950532044,0.09758205014215532
40378.25726235106,0.09414520854336016
40388.07158801421,0.09080891426522986
40397.88592734908,0.08755451279630766
40407.700280183206,0.08438351691765478
40417.514646344134,0.08132005880310947
40427.32902565944,0.07838836629084224
40437.14341795665,0.07560823302762415
40446.957823063334,0.07299460308477093
40456.77224080704,0.07055396773772135
40466.58667101531,0.06828419571296616
40476.40111351572,0.06617681524026886
40486.215568135805,0.06422120848997898
40496.03003470312,0.06240367893055972
40505.844513045224,0.060704345500646656
40515.65900298966,0.05909880098875836
40525.47350436399,0.057561141878138405
